{
  "meta-llama/Llama-3.1-8B-Instruct": {
    "lexicon": 0.5551119597292137,
    "syntax": 0.5653532372851935,
    "naive": 0.5926054504426315,
    "typo": 0.49210206561360875,
    "scramble": 0.4106925880923451,
    "baseline": 0.616906787016143
  }
}