{
    "meta-llama/Llama-3.1-8B-Instruct": {
        "addition": 0.6734083463894032,
        "lexicon": 0.6826662868537245,
        "syntax": 0.6845890898732374,
        "our_baseline": 0.7028913260219342,
        "naive": 0.6786782509614016,
        "baseline": 0.7026776812419884,
        "typo": 0.6442814413901153,
        "scramble": 0.5267055974932345
    }
}