{
    "meta-llama/Llama-3.1-8B-Instruct": {
        "addition": 0.7422289613343442,
        "lexicon": 0.6952236542835482,
        "syntax": 0.77710386656558,
        "naive": 0.8233510235026535,
        "baseline": 0.8036391205458681,
        "our_baseline": 0.8059135708870356,
        "typo": 0.733131159969674,
        "scramble": 0.6224412433661866,
        "typo_qwerty": 0.49052312357846856,
        "typo_doubling": 0.5094768764215315,
        "typo_deletion": 0.39423805913570886,
        "typo_hold_down": 0.4746019711902957,
        "typo_add_random": 0.621683093252464
    },
    "meta-llama/Meta-Llama-3-8B-Instruct": {
        "addition": 0.6618650492797574,
        "our_baseline": 0.7505686125852918,
        "lexicon": 0.6391205458680819,
        "syntax": 0.7065959059893859,
        "naive": 0.7490523123578469,
        "typo": 0.6595905989385898,
        "scramble": 0.5496588324488249,
        "baseline": 0.7513267626990144
    }
}