{
    "scores": {
        "addition": 0.7930250189537529,
        "lexicon": 0.0,
        "syntax": 0.0,
        "naive": 0.0,
        "baseline": 0.8036391205458681,
        "our_baseline": 0.8059135708870356
    },
    "model": "meta-llama/Llama-3.1-8B-Instruct"
}